"Step","exp_name: gpt_video_cons_npred - obs_loss","exp_name: gpt_video_cons_npred - obs_loss__MIN","exp_name: gpt_video_cons_npred - obs_loss__MAX","exp_name: gpt_video_cons_nproj - obs_loss","exp_name: gpt_video_cons_nproj - obs_loss__MIN","exp_name: gpt_video_cons_nproj - obs_loss__MAX","exp_name: gpt_video_cons_nproj_npred - obs_loss","exp_name: gpt_video_cons_nproj_npred - obs_loss__MIN","exp_name: gpt_video_cons_nproj_npred - obs_loss__MAX","exp_name: gpt_video_cons - obs_loss","exp_name: gpt_video_cons - obs_loss__MIN","exp_name: gpt_video_cons - obs_loss__MAX"
"0","2.009805000745333","1.9582592248916626","2.035820722579956","1.9807017353864818","1.922959804534912","2.087388753890991","2.0461046512310324","1.9575459957122803","2.1587748527526855","1.9983085610649802","1.9494545459747314","2.058945894241333"
"1000","0.21577458150025744","0.10084315791353583","0.338385849237442","0.04427532570614802","0.014570689445361495","0.1092234359504655","0.02252564802209795","0.011103257505281362","0.044148502584546806","0.3340031256692653","0.11234427623450756","0.7980609336495399"
"2000","0.1265364914281437","0.053064922250807285","0.22079927758872508","0.04170623642649353","0.002802461877989117","0.16809614335838705","0.008125729721051146","0.00007185946737445193","0.030411347292363642","0.16822525286759166","0.05749362693727016","0.46708270061016083"
"3000","0.1171661089806316","0.032175504665821794","0.193933625921607","0.040778438198633166","0.00032420640409691257","0.23339284541271627","0.0071030038489569465","0.00006297717881534482","0.07703844365105032","0.12260316793518987","0.056922685958445074","0.228737380027771"
"4000","0.1118856452375364","0.02884093426540494","0.18782691279798747","0.022906528449697913","0.0003106124329060549","0.12094931619241833","0.006443168982217125","0.0000603233254623774","0.12071475149691105","0.10632859670167619","0.0469990271627903","0.19182568258047103"
"5000","0.10651500840678521","0.02571584714576602","0.17574373955279587","0.031181968328938006","0.0003110446125356248","0.19753154036821796","0.010271853000776902","0.00005125775151827838","0.14507477439194919","0.0984093972361562","0.03984810322895646","0.1790171603113413"
"6000","0.1006320965554422","0.02370336540788412","0.16449442856013774","0.025920308245374207","0.00004035605263197794","0.29129091783985495","0.014950624387090728","0.000048567414876742984","0.1568611590191722","0.09008978826137767","0.0337423181515187","0.17557075971364974"
"7000","0.09482025845936286","0.023134268578141926","0.16768915012478827","0.023754164814899295","0.000036135098518570884","0.1666931375488639","0.025621935801447622","0.00004884921581833623","0.16249089621007443","0.08413590016740967","0.030321611741557716","0.1754195460677147"
"8000","0.08852872926183043","0.022642680862918495","0.17255651904642583","0.017685957169148073","0.00003299247907125391","0.13822594387456774","0.03025004522156311","0.00005226367678551469","0.1806336873024702","0.07941898702423679","0.02754810146987438","0.18015386027097702"
"9000","0.08406925658304963","0.015865335907787083","0.17291732440888882","0.017406761808500256","0.00003089878688660974","0.08866838561929763","0.03536498697179922","0.00006059405782434624","0.19422476294636726","0.0758577729955485","0.02399144928343594","0.18152169160544873"
"10000","0.07962405003485486","0.012545044465921818","0.17210953222215175","0.01785266515141316","0.00002962762163770094","0.13456088714615907","0.03951803971007058","0.00008122132527932991","0.20434098571538925","0.07238448053602638","0.02055510534811765","0.18392077572643756"
"11000","0.07641418632624958","0.010626968362368643","0.17046382768452167","0.016389654870227647","0.00002863390723905468","0.1581468204241246","0.03853230132665605","0.00008889782788901357","0.2218467624038458","0.07127573261354964","0.01768847310449928","0.18987067866325377"
"12000","0.073982891393109","0.009358769637066871","0.1674595562815666","0.015091397301118236","0.00002774222015432315","0.11486996704293415","0.03830893761541876","0.00011648617022001417","0.22779387213289737","0.06752645083063877","0.01615397228207439","0.19536825208365918"
"13000","0.07136617969320372","0.00843948674434796","0.16567998573184015","0.016667096785330758","0.000027301130361593097","0.08156078546866774","0.04022088961409086","0.00012629234915220876","0.23583540716767312","0.06604369452625344","0.015054047807119787","0.2007623058706522"
"14000","0.06888827655772466","0.0071112107597291465","0.16389031310379504","0.011812272442533165","0.000026617456538588156","0.0774333386644721","0.04013489669496728","0.00010332496677074232","0.2322604242116213","0.06463137973540209","0.013602292970754206","0.20596153442561627"
"15000","0.0675774603135651","0.00620335522457026","0.1639192951321602","0.015184590832516245","0.000026178864953180893","0.10690678258665139","0.04366682407792723","0.00005604494490034995","0.23663178388774395","0.0625059810989875","0.01243316265847534","0.21452431561052798"
"16000","0.0667732458594882","0.005615468642907217","0.16297273632884027","0.02454612831524257","0.00002588730857860355","0.11862559029459953","0.04370108684590517","0.00006086725507338997","0.23534322568774224","0.06152487284381112","0.012166721349582075","0.21866416919231416"
"17000","0.06595178969537555","0.005232141614425928","0.16192685474455357","0.013725136571954651","0.00002554698057610949","0.08265029055997729","0.041604432650524985","0.00005649287480628118","0.21962846122682095","0.060888204070125636","0.01140999893238768","0.223764280423522"
"18000","0.06425484824948945","0.004831488697789609","0.1609273242354393","0.01910896667403505","0.0000252320206764125","0.12626122454577127","0.04424085022325016","0.00006571411152981455","0.20652736812829972","0.05818838087634437","0.011209981177002191","0.2239701741039753"
"19000","0.06267561096961324","0.004575415326748043","0.16046063989400863","0.01509134743588318","0.00002492328091466334","0.09055504072830081","0.04048927662152164","0.000056148572974052514","0.19314917892217637","0.05571267301834781","0.010770323988050222","0.22859148374199867"
"20000","0.062241313912825155","0.004327314947033301","0.1594601389169693","0.015791505501996584","0.000024810208058624994","0.09275671102851629","0.0347494368119194","0.000057830312183796196","0.1850264463722706","0.05472245390241204","0.010838918875437229","0.23041111969947814"
"21000","0.061720122676709885","0.004233436871320009","0.15896921275556086","0.013801237797577557","0.000024605262658951686","0.11872249246574938","0.035281506537708014","0.00005846072610438568","0.19516169294714927","0.05303507086687551","0.010902651110198348","0.22893007090687753"
"22000","0.061186123225354376","0.00406883803079836","0.15961926195025444","0.012273924888225197","0.0000245854161803436","0.10792434477992356","0.03538845175586357","0.00006061299100474571","0.17687808237224817","0.05202609858128495","0.010715805693529546","0.2281675547361374"
"23000","0.05923152718134673","0.003969143578666262","0.16057454167306423","0.01234030943513321","0.00002461933599443","0.09034941578283906","0.03435384897826072","0.00006269460010298645","0.15851094208657743","0.05089339305460454","0.010288085010834037","0.226986642152071"
"23437","0.05822680018001844","0.003739342129246733","0.15936045331555768","0.013091938209228686","0.000024387232002448674","0.15844999980864996","0.030248157121991914","0.00006594997418495941","0.13937941419148664","0.05126946535703451","0.011090141159285782","0.22712820518864404"
"24000","0.05779135761400763","0.0037209342526113415","0.15846729402740797","0.009871276894267792","0.000024440116142594636","0.09335349756458126","0.028452196384644617","0.00007034015008865555","0.13161649033163034","0.0506401736968765","0.010696610818940697","0.22513973287551114"
"25000","0.05736153454876217","0.0036868216576986016","0.15761287680268288","0.008877913259757338","0.000024529931606593892","0.08940939362347126","0.02796727858536975","0.00007781743276427733","0.11292729652673006","0.050419597915225586","0.010892211411613971","0.2240275171995163"
"26000","0.056980908215408625","0.003573870555963367","0.15732553768157959","0.010916296530713436","0.000024554564839490924","0.088977622769773","0.02566494346703859","0.00007692292653518962","0.100213872063905","0.04971822602331469","0.010907550637610256","0.22317257431149481"
"27000","0.056683887777088854","0.0033876847496721895","0.15669924249500036","0.011005724329199789","0.00002456749521115853","0.08790172064676881","0.02447318821277664","0.00007600904488936067","0.09084248804301023","0.04817226436791349","0.010797315328847618","0.22016300402581693"
"28000","0.056108012295041504","0.0033493721175473184","0.15751318307220935","0.010167854863315302","0.000024118962819557055","0.09086969709396363","0.02566087803997541","0.00007538028393901186","0.0825847855731845","0.04838321730464867","0.011163430807646363","0.22160008727014066"
"29000","0.05548064367600735","0.0034072374142706395","0.15705210492014884","0.011539413331126803","0.000024104836496917413","0.087400535043329","0.026716529874679016","0.00007465647257049569","0.07638670852035284","0.047344037621853546","0.011190335729159414","0.22014968025684356"
"30000","0.054419943810261495","0.003303952820249833","0.15669180260598659","0.011924878803737975","0.000023832632548874243","0.08937493183091283","0.025385301975961807","0.00007384489883406786","0.07129032388702035","0.0465182977239178","0.01015024551283568","0.21869867599010467"
"31000","0.05363796607455095","0.0032630360996117815","0.15510696898400783","0.011220687570616485","0.00002330654395154852","0.09775897775543854","0.024675062958259816","0.0000663793824678578","0.06283775371313095","0.04604367074217986","0.010038710122928023","0.21847777977585792"
"32000","0.053093007008276454","0.0030815774749498813","0.1549594022035599","0.01190630451889893","0.000023414814084389947","0.11347432702034711","0.024336095056248484","0.000058279006931115874","0.09152535426616669","0.046358581142373054","0.009632320561911911","0.21650113208591937"
"33000","0.05275452562776179","0.0031129387996625154","0.15438291363418102","0.012002976319073448","0.00002342314461748174","0.11963666229695082","0.022495607258089176","0.000057372575542103734","0.06994841633364558","0.04562734852085652","0.009141363468486815","0.21555686639249325"
"34000","0.0524747070071171","0.0030746784270741043","0.15371492118388413","0.01185769658488817","0.00002347808960985276","0.11736668821796775","0.02338357905568074","0.0000565117708647449","0.07878861018340104","0.045328606911299925","0.00889710786845535","0.21277045729756355"
"35000","0.05199011635476758","0.002966033174074255","0.15398360669612884","0.010208519943121806","0.000023933950968057616","0.09231072407588363","0.0207133110102277","0.00005561541629504063","0.0790975839048624","0.04324931822463193","0.008606082065496594","0.21205709701776504"
"36000","0.05193638362170001","0.0029109785319305958","0.15425147500634193","0.010735563825214671","0.000024312231815201814","0.09505031574890017","0.019281932534754208","0.00005520858770978521","0.06658302145265042","0.0425622127069245","0.008138658012729139","0.21228799419105052"
"37000","0.05161503136243958","0.002883481448050588","0.15343332266062498","0.01034485403623673","0.000025963366617361315","0.10035946156457067","0.018876986146006927","0.00005531800350581761","0.06486997844930738","0.042640682156388235","0.00850709549896419","0.21106076528131962"
"38000","0.05157211090561648","0.002933449151343666","0.15322574429214","0.013307297356787259","0.000027007367435544438","0.1067745627425611","0.017317588250429252","0.00005518092995043844","0.05997738600429148","0.04190966772158968","0.008084115841425956","0.21084771083295345"
"39000","0.051242161151097844","0.0029503272242145614","0.15336333935707808","0.011696908560912943","0.00002928180655817414","0.11122282006591558","0.018486693398725457","0.000055175274192151846","0.06179766219761223","0.04134539263293316","0.007633293762803078","0.21102193869650365"
"40000","0.050718077154120404","0.002849586825061124","0.15430557587742805","0.015765153520526206","0.00003174010874681699","0.11111730789020657","0.018326485447369263","0.00005560137004067656","0.055957212331704795","0.041161225692506624","0.007582134908763692","0.21023650412261485"
"41000","0.05075796999384722","0.002764106847462244","0.1532650081589818","0.01568395288941806","0.000032222097026533445","0.11335469367727637","0.017560376766876426","0.00005531973347751773","0.055016623185947536","0.04115944010073276","0.007709796947659925","0.20887270347774028"
"42000","0.05002192496230529","0.0027296806193189698","0.15299472618848087","0.012214534130993413","0.00003130383599636843","0.11438366414234043","0.01805723625210857","0.00005474019664688967","0.05694377064798027","0.04041547906222034","0.007949733329704032","0.20854205471277237"
"43000","0.050043959132418075","0.0026934188628802078","0.15297285355627538","0.011373445804460407","0.000031150378254096724","0.11567103539407253","0.01701388294558553","0.00005405936190800276","0.05346627914533019","0.03974647812365385","0.007336314835119992","0.20755870339274407"
"44000","0.04897441502358952","0.0026998250972828826","0.15266091801971196","0.011888190014182677","0.000029450238353092574","0.12569025452062488","0.0159058308390725","0.000054005302245059285","0.06662846221402287","0.0393701778516512","0.007535317571833729","0.20647609819471835"
"45000","0.0483977159450565","0.0027685207637841813","0.15317535093426704","0.012252261270473493","0.000029446077767715904","0.12069871442392469","0.01679029988066829","0.00005320222251248197","0.059604306371882555","0.03938455042402811","0.007161608815426007","0.20713071270287037"
"46000","0.04824008679193838","0.002774259314639494","0.15300523735582827","0.01362811222604894","0.000029684130508030648","0.13520704709365963","0.015281984678851446","0.00005268352714847424","0.048268869329243895","0.03888726302693513","0.007180790251120925","0.2051023470312357"
"46874","0.047526333513762294","0.0027479262950399173","0.15281475193687594","0.013718215671257047","0.000029025094118969407","0.14288597587679533","0.01586683936806689","0.00005237427874500804","0.05593149540337808","0.03844065720628682","0.006878162137865337","0.2044435453271538"
"47000","0.04705414113776263","0.0026006391212366167","0.15176500168841656","0.013599452369588132","0.00003021391611990856","0.15983078751977034","0.01727454047226068","0.00004519749800094832","0.08308101587701501","0.03952263587222114","0.007142459839861106","0.2032101641255101"
"48000","0.04639962559360384","0.0026098796747392045","0.1521613592505455","0.0129617837559553","0.00002927394305879716","0.1251500933393836","0.016233255448377205","0.0000515425453613716","0.05232118782168254","0.03901056958146563","0.007232758288271725","0.2042092783898115"
"49000","0.045883063874339526","0.002618652807723265","0.15186315585672855","0.012690746880954274","0.000029989943042892264","0.1251402771472931","0.016913014902181552","0.000046772707530180927","0.05920311797270551","0.038420973601179534","0.007300005994737149","0.20377452313899994"
"50000","0.04588596736682497","0.002736636466230266","0.15214619140326976","0.01160583534853175","0.00003035994287893118","0.1164112936668098","0.017898487394962033","0.000051427614784188334","0.0644866108475253","0.038529211960976355","0.007163693216862157","0.2036483038663864"
"51000","0.04525635090335541","0.002529938097577542","0.15262756271660327","0.013140536494457379","0.000030442171504546422","0.12300835606083274","0.019728056970709847","0.00005123971049761167","0.08138211946748197","0.03803091094174041","0.00694766510440968","0.2011609176546335"
"52000","0.04553190839336066","0.0025458653667010367","0.1520886883959174","0.012367716666333971","0.000030041179536056007","0.12292243153601885","0.02005808311475749","0.00005008772636756475","0.08344736616313457","0.037376696885965593","0.007019020347390324","0.20100406089425088"
"53000","0.04502064658850073","0.0024756615381338635","0.15261956911534072","0.012123111548501792","0.000030745919644687095","0.11575047644600273","0.020903703198456032","0.00002102409688086482","0.09397096320986748","0.03744463736317332","0.006794881487032399","0.20134950590133666"
"54000","0.044375686269887055","0.002504087145032827","0.15144077709317208","0.01110826979911165","0.00003127983700505865","0.1128141753859818","0.020670351077777153","0.000050716114270471734","0.1055073592364788","0.0369360173661156","0.006690479832235724","0.20072088420391082"
"55000","0.04401121599233682","0.0024283675168408083","0.15239001193642615","0.012501528536765923","0.0000314447173714143","0.10780267560854555","0.0218361957874403","0.000019790099418969475","0.11066734188050031","0.037301383756143475","0.006642261761939153","0.19959109753370285"
"56000","0.043703193234629","0.0024731736104004086","0.1525068322941661","0.011547445025222468","0.00003225358008603507","0.10326183209195733","0.024016672821282628","0.000023570612020193947","0.1114618386849761","0.03737069474038965","0.006576534505002201","0.20028862614929677"
"57000","0.04330030246528285","0.002468097831355408","0.1522310661971569","0.011964858879597366","0.000033220431445442954","0.09928714033588767","0.022893369422451473","0.00005056427727686241","0.10616614733636379","0.0361999348888851","0.00660922021465376","0.19978297305107118"
"58000","0.04298283105757526","0.0023758060581167226","0.15220563585311175","0.01091298341671133","0.000034801516248990084","0.09445131362602115","0.025804151356528214","0.00005084633722435683","0.10202882612496614","0.03620734417611013","0.006537462372565642","0.19974174827337265"
"59000","0.04240213073380157","0.0023542502688360402","0.1517961354777217","0.011405908725178049","0.000036394478314832665","0.08883305840194225","0.02355061418692668","0.000051126378446497256","0.10825001061148941","0.03590360175310211","0.006506350201787427","0.19901404139399528"
"60000","0.04265794690785249","0.0024379899880150333","0.15097164357453585","0.011680017168708218","0.00003840111145837","0.08140160266682506","0.022265782006107446","0.00005159400636694045","0.0897201004549861","0.03623613864960233","0.006427173869684339","0.19898530516028404"
"61000","0.04210577000908178","0.0024688750761561098","0.15134354685992002","0.011030402173321118","0.0000398122576498281","0.07688898948952555","0.021818154831101524","0.00005334167347245966","0.08267077096179128","0.03682015293724411","0.006518947168020531","0.19840716816484927"
"62000","0.04197067644753127","0.002388868189707864","0.15234599990397693","0.011098714186835704","0.000040831195623468375","0.07492831045016646","0.02097822117100119","0.000054583462799200786","0.07449136234074831","0.03621841334920927","0.006513016576413065","0.19846438124775886"
"63000","0.041384779587401464","0.0024543426256859674","0.1514457348138094","0.0114324000154073","0.00004174062901984143","0.07078944793716073","0.02102709267396103","0.000056407585168926746","0.06914430085197092","0.03675686957474417","0.006241304551484063","0.19749783369898796"
"64000","0.04118220335165879","0.002393221715989057","0.1518426603078842","0.012354934322753953","0.000042884137470537095","0.0993382277674973","0.019465273226531417","0.00006320830824915902","0.06855951619148254","0.036474914097523486","0.006557654971256852","0.1966205922961235"
"65000","0.0408709352849423","0.0024301959123695267","0.15092492874711752","0.012572580827760738","0.00004371510494274844","0.07835478445189073","0.017713237968481524","0.0000637435122662282","0.06225045891292393","0.03697350490279496","0.006412814520066604","0.19718178145587445"
"66000","0.04134434205146345","0.0022949279424501583","0.15134518232941627","0.01142666664954504","0.00004410598868525994","0.06466200572252273","0.02104172739280273","0.0000637241925978742","0.08319406068953686","0.03617080220880664","0.00671030086488463","0.1973295214474201"
"67000","0.04035944135902593","0.002358946167281829","0.15163212925195693","0.01009644771598309","0.00004417650214600144","0.0608749713934958","0.019334362455531353","0.0000612075760946027","0.06948049035854638","0.03662979231366295","0.006440308221848681","0.19693655712902547"
"68000","0.040281916420244104","0.0023455121769802643","0.1517233211249113","0.01462312464245056","0.00004525317154184449","0.08659635233320295","0.017285523825110994","0.0000560109231446404","0.06494772223383188","0.036628695720097644","0.006556348737096414","0.19609319017827512"
"69000","0.040302066124756286","0.002349073264515027","0.15132590027153492","0.012708504571378119","0.00004497978941981273","0.07720585273765028","0.017468840370949135","0.00005508006615855266","0.0734100388577208","0.03624841715510807","0.006649673345033079","0.19524034050107003"
"70000","0.039843897540554354","0.002310080660681706","0.15172142478078604","0.014262477099667195","0.0000461728796854004","0.07073339056735858","0.015232209292021466","0.00005506195496127475","0.05250202254205942","0.03594112714245618","0.006423156838864088","0.19538481806218624"
"70311","0.03931359481169015","0.002254606031760153","0.15196585386030137","0.01373925640461446","0.00004641601862526694","0.111533092148602","0.015061691366719414","0.00005405289740602095","0.05573481623263609","0.035407581962706505","0.006766675289479955","0.1940451331196293"
"71000","0.03955566068234414","0.002244298055217993","0.15060438925157424","0.010264974774589132","0.00004623920152274271","0.053630879129944506","0.015807154514441854","0.000055264852214705846","0.05429664702843065","0.03597277066455933","0.006823661615667136","0.19513024560351303"
"72000","0.03942412271232192","0.002307639480335638","0.1506607500165701","0.010262391162276032","0.00004622352667865926","0.05323175367712975","0.01465538495052323","0.00005643044951648335","0.04569468074291944","0.03555716459172652","0.006673035256098956","0.19326385046541691"
"73000","0.038900124915524005","0.0022839901618426665","0.14973283094167708","0.010189394088332566","0.000045525442888902034","0.06721877919230611","0.01328280786216615","0.00005850253248718218","0.04995070428214967","0.035673302012135866","0.00657941272854805","0.19342867580056192"
"74000","0.03867460526283294","0.002208650656801183","0.1502010051459074","0.009502381544902794","0.00004545536695695773","0.0517243609810248","0.014213661680045894","0.00006092660425565555","0.048411311353556814","0.03541995880088176","0.007067894374951721","0.1934022199511528"
"75000","0.038590858935962806","0.0023582097360049376","0.150156323030591","0.009623918947039642","0.00004542362567372038","0.056443416342954154","0.01647023706245664","0.00006429651014332194","0.05884515474271029","0.03517751739370975","0.006861421761335805","0.19255571608245373"
"76000","0.038336981957097754","0.0022581202837172894","0.14977544061839582","0.007791102469064963","0.00004509521687941742","0.0491983674056828","0.015049319790399328","0.0000650939193146769","0.05215365346428007","0.034828814279065805","0.0065602207283955065","0.19255343128740787"
"77000","0.03806668903650895","0.0021625767954974433","0.1501412601619959","0.007930958155649162","0.00004477148037040024","0.04889883497729897","0.014316432030651274","0.00006532127377431606","0.05479648532811552","0.03477408585487865","0.006346713548991829","0.19263379034399986"
"78000","0.037762671862372935","0.0021617412563646214","0.14986569587886334","0.007733063708445468","0.00004368519704621576","0.04979047503229231","0.014833120170962362","0.00006575465299465576","0.03937125119566917","0.03468847871781327","0.006400872212834656","0.19220641939342023"
"79000","0.03808205866812764","0.002212277772894595","0.1500327660217881","0.007533597199337865","0.00004278229763440322","0.04616321831941605","0.014331961724820406","0.00006634569823654602","0.04166431602765806","0.034277156861340204","0.006387499572709203","0.1916128759086132"
"80000","0.03819025902794965","0.002166191915574018","0.14998107279092074","0.00768555241381287","0.00004394695403789228","0.047856561332941056","0.013932193887409362","0.00006695313666932634","0.04333189499983564","0.03393994989650408","0.0065540483521763235","0.1907251759469509"
"81000","0.038028953535529306","0.0021747425388311966","0.15031041595339775","0.009409476439605617","0.00004342407931289927","0.05513074505049735","0.013404500425347576","0.00006768387664487819","0.04693363709095866","0.033649378479849966","0.006396416884614155","0.19083322870731353"
"82000","0.03787857422452474","0.0021225314572220666","0.1501776435226202","0.010057755383710239","0.00004261713643609255","0.06563945747725665","0.013800604130196986","0.00006844096265194822","0.047438181716948746","0.03354210900892081","0.006487325365189463","0.1908227063268423"
"83000","0.0380026212622022","0.002070878840109799","0.1497546845898032","0.010988965683122912","0.00004214428724117169","0.086890978327021","0.015656718911079785","0.0000694512225309154","0.062100509790703654","0.03318582732506647","0.0064072710725013166","0.18929423882067203"
"84000","0.037397103687447204","0.0020995340874651446","0.15012060090899468","0.010431820553433965","0.000041951044358938816","0.06768557511921972","0.01621495803447173","0.00007018917094683274","0.059171642999630424","0.032609345136358485","0.006422206375282258","0.18874985206127168"
"85000","0.03723057230156645","0.0021168212309712543","0.1488179823756218","0.009439379298180868","0.00004221615813548851","0.0467601461187005","0.01534321356722201","0.00007141732270974899","0.04758572667464614","0.03232037336584604","0.006563340522581711","0.18899645853042601"
"86000","0.037087814187684746","0.002028958175913431","0.14919085214287042","0.011517583577531907","0.000041381908302355444","0.08160769003862516","0.014929976840504634","0.00007249956814484904","0.04913213741779327","0.03261413883260155","0.00660937930457294","0.18804565581679344"
"87000","0.03697620420338017","0.0020547481164103374","0.1494870155379176","0.012817395461186746","0.000041505274277369605","0.06794139002542943","0.01645717942595505","0.00007530095006950432","0.04871865917462856","0.03204449353757611","0.006092986909905449","0.18756503339111805"
"88000","0.03657618957158187","0.002169869733043015","0.14962635917961598","0.012007465956770687","0.0000423705752054957","0.06715566037222744","0.01774138659614451","0.00007726917461695847","0.05829977039247751","0.031936996890210796","0.006426767491269856","0.18814379784464835"
"89000","0.03621200407036724","0.002075134986138437","0.14859232403337955","0.011571450990411623","0.00004051524655733374","0.05043006206490099","0.017643996664757508","0.0000824781189658097","0.05627488095499575","0.03165393305504271","0.006628300464246422","0.1872252247184515"
"90000","0.03596607570223457","0.0020510657862760125","0.14899225483834744","0.01063909900962216","0.0000419624634723732","0.045049561060732234","0.01894804034072037","0.00008887559293361847","0.05774769126810134","0.03204781192848036","0.006513654519570991","0.18667934054136276"
"91000","0.03595352990533193","0.002128261629259214","0.14911969916522502","0.01041543302423186","0.000040503062700736335","0.04280277276225388","0.01792542688466431","0.00009582021650567186","0.05087491206452251","0.032079148827327035","0.00657790223765187","0.1866767776608467"
"92000","0.03586089780918645","0.0019638025848544203","0.1491974335759878","0.009127721972451232","0.000041089932212344135","0.04476575986575335","0.017898846035166293","0.00010671512078988598","0.06744817986339331","0.03174525397066662","0.006346148744225502","0.18659906083345412"
"93000","0.03570651719990733","0.002050622852926608","0.1492451864555478","0.009657197898530707","0.00004127745679215877","0.04657236747443676","0.01915580141898625","0.00013184595525672193","0.06821064611896872","0.03169055060330588","0.00647055524517782","0.18634557323157788"
"93748","0.03555956275259715","0.002059114155630111","0.14882369893023287","0.0148538923619929","0.000041729536589148263","0.10004214872138567","0.01825759323856125","0.00010922505482141405","0.053186625461661356","0.033542368608575956","0.0064643833311237246","0.18597321892518753"
"94000","0.03519491813385098","0.0018806244311541348","0.14688468483007944","0.013931765288439911","0.00004207870897732531","0.06655131416991647","0.01803625688774748","0.00013618440054501536","0.059011376532818016","0.032564308070624534","0.007513793485364306","0.18462902649118024"
"95000","0.03524635577800263","0.002079836534219794","0.14826747995615006","0.01186805772266843","0.000041771512311242986","0.047200341850984845","0.017024442474804977","0.00014402359884115867","0.05502491805981845","0.03272520956793927","0.00657525621028617","0.18465377305448055"
"96000","0.035041005809892126","0.0020213143450091594","0.14798453172296286","0.012698654053533856","0.00004198979151988169","0.05861473689111881","0.01665925493040945","0.00017150080163264646","0.05434683769382537","0.032113633278355175","0.006582283400231972","0.18440626960992812"
"97000","0.0348796705716612","0.002013152921805158","0.14779177828878165","0.012375779998934303","0.00004018604758675792","0.081139410010539","0.016266955485306357","0.00022148929162358398","0.05212887556664646","0.031670538971486334","0.0066847191730048505","0.1839595867395401"
"98000","0.03470097989689497","0.002084992904623505","0.14769285604357718","0.010762625014895723","0.00004193482113623759","0.045271336745470764","0.01576236644107121","0.0006782426682984806","0.05329688572604209","0.031366224658654324","0.006529893564758822","0.18373610670864582"
"99000","0.034734474858567975","0.0020148159548989495","0.14755410753190518","0.011125881401486366","0.0000419402435363736","0.05452180471923202","0.01580014001435022","0.0008352158146299189","0.055182990221772345","0.03140878473677333","0.006815516292117536","0.1830561511516571"
"100000","0.034430985698691345","0.002037033860455267","0.1470630685389042","0.013011658330705429","0.000042527843032075905","0.05726200092211366","0.01528795566040068","0.0007001817777418182","0.0511631624000147","0.03170405041641259","0.006387961669359356","0.1835926124751568"
"101000","0.03448827868044073","0.0019981347448774613","0.14801313827186824","0.011721853522209762","0.00004228404289460741","0.048599442174658176","0.014874832370035129","0.0005462062394180976","0.048450602425262335","0.03150862665858586","0.006806316114263609","0.18312268917262553"
"102000","0.03455749122551957","0.0020906148159992883","0.14725823919475078","0.011182136619938946","0.00004202597324183444","0.06015864768996835","0.015790248845917846","0.00048126159620369435","0.06331608044169844","0.03150705548866906","0.006816111643332988","0.18282681679725646"
"103000","0.03456890953714453","0.002061196448339615","0.14819862920045854","0.009882041337822067","0.00004174155128566781","0.05143936949595809","0.01642466596424114","0.0004826728039806767","0.04909495440125465","0.031038150886788077","0.006646912595257163","0.18228401973843575"
"104000","0.034162052356284285","0.0020347945187822914","0.1477567476928234","0.010020024006268752","0.00004203388291170995","0.05133612025901675","0.016616807527636134","0.0005156055738843861","0.05206118238531053","0.030937642556467016","0.006899641262833029","0.18140818521380425"
"105000","0.034299000151382646","0.002093542820774019","0.14704784911125898","0.010902173826302644","0.000040800056705847966","0.06019790955539793","0.015445589565679117","0.0005092580417003774","0.05593909796094522","0.03103156810376624","0.006634151421952993","0.18148246337473392"
"106000","0.034210519974490476","0.002002314372395631","0.14717556067556142","0.008588973394427251","0.000040229999231087275","0.050554578993469476","0.014750814171411403","0.0005043694592677639","0.05469895921647549","0.030393844553438777","0.006514405158814043","0.1802874598801136"
"107000","0.03419671345166772","0.001976802316814428","0.14742816737294198","0.010112402796612584","0.000040686865015231884","0.059690721694845704","0.01454426383816952","0.0005815842417687235","0.05344803885184229","0.030947990756301978","0.006712196181062609","0.18091696007549762"
"108000","0.034027309479270254","0.0021911709973646792","0.14724834644049406","0.009460901785591606","0.00004095556927313737","0.051891406252980235","0.014281337020864156","0.000534504844014009","0.04630837943404913","0.030962407610442656","0.0062348709930665795","0.17995340111851693"
"109000","0.03404479745162489","0.002013271432602778","0.1474840718358755","0.010514396024461279","0.000041329879328259265","0.05079828316811472","0.014102423670341941","0.0005159736965142656","0.045918797509744765","0.030181288304103715","0.006596346684265882","0.18029009613394736"
"110000","0.03382002166937813","0.002059987301880028","0.14747087002545595","0.010678647164286233","0.00004115767991788743","0.06171651064883918","0.01374784024099286","0.000522781496270909","0.04146774273738265","0.030859538623825015","0.006231659322045744","0.18009949071705342"
"111000","0.03355468336153158","0.002014680128864711","0.14662530595064163","0.010655151145181943","0.00003972911972596194","0.05500362574122846","0.013209740219232257","0.0005794060707266909","0.04305185563210398","0.029880122048933776","0.0060950557580217715","0.1790577921718359"
"112000","0.03365674381559522","0.0020141469093214255","0.14706298835575582","0.009290500047956252","0.000041226658589948786","0.05383030772395432","0.013437228070951487","0.0003400303422968136","0.042765057633630935","0.03003805785065263","0.006433476051781326","0.17882665359973907"
"113000","0.03331667684134468","0.0020433829680550843","0.1466181596145034","0.012192492082357603","0.000039653142730458056","0.09382086120918393","0.013460903798216","0.00042289184745459353","0.04172990109957755","0.02993020622043299","0.006417093216441572","0.17830297301709652"
"114000","0.033285353244696475","0.0020275047786999494","0.14611429291963576","0.01113987397654091","0.000039413942346072875","0.05264812942408025","0.013546480861205894","0.00026554794231196867","0.0378955153003335","0.029624241296511502","0.006185725402552635","0.1783728219717741"
"115000","0.033205003794606176","0.002003664069692604","0.1455710844323039","0.013636141572354897","0.00004004892880220723","0.08909431895706803","0.01390425987207513","0.0001863917141017737","0.04591777952294797","0.029616309796063098","0.006244181350339204","0.1776088682413101"
"116000","0.03305314077344911","0.0019274454964324833","0.14529490442574025","0.008926553343762966","0.000039611207640518844","0.04631511124409735","0.01333443196042684","0.0001707035131403245","0.04995167994266376","0.030290757891647938","0.006227085795253515","0.17793975506722928"
"117000","0.03292398510388963","0.0019805438090115786","0.1461086369305849","0.01031887684089833","0.000040760729675639595","0.04898246100544929","0.013491903276507329","0.00016707460729958258","0.04795189150935039","0.030582160913533617","0.0063365194699727","0.1771920680999756"
"117185","0.03294809519959936","0.0019340467039475461","0.14568143730740185","0.010472454944577743","0.000037141019704548576","0.04838387898432658","0.013785867520825465","0.00016520348799531348","0.05686149054267646","0.029804176642773895","0.006413146782585461","0.17790557938101498"
"118000","0.03267052632312983","0.0019154817237351524","0.14460225897275059","0.009698632635672198","0.000039095141754414194","0.04968814020200322","0.014329704615323215","0.00016926186280590415","0.048391484669706435","0.0298897967626927","0.005945418168124103","0.17586485895456053"
"119000","0.03287563058467975","0.0019308345709287097","0.14479222559183835","0.008990895510495717","0.000038741282940463865","0.04544041833747178","0.012990286953220603","0.0002611781259984127","0.03692573788529262","0.03064964725339087","0.006281745033804327","0.17584295609593392"
"120000","0.032590855777553565","0.0019648763617733495","0.1443518818542361","0.008184505803861892","0.00003841404509148561","0.043879231860861186","0.013158179365165919","0.0002460645257524448","0.043957687797490506","0.030711966086866927","0.006186692248564213","0.17614126348495485"
"121000","0.03239996416125303","0.0019110665249172597","0.14458669347316028","0.008250331378581834","0.000039860481114374124","0.04620927790272981","0.013328419379053788","0.00023992116149020148","0.04447406397527084","0.030974290694374674","0.0062859476427547635","0.17474721930921078"
"122000","0.03232991474435571","0.0018624501573794986","0.1446886242851615","0.010945516499560305","0.00004024336993097677","0.07646922671794891","0.013761932231434772","0.00028448175676749085","0.04263757096370682","0.030411024391629984","0.006052010132931173","0.17481183947622775"
"123000","0.032264098216629525","0.002011745242809411","0.14554881567507982","0.0096281046176644","0.00004060082515115937","0.046426178880035876","0.012572992515689505","0.00020378093612089288","0.0476664548786357","0.03164890152520225","0.0057936808752128855","0.17498148579895495"
"124000","0.032346262395304685","0.0019314024502818938","0.14448221381753684","0.009234622187846772","0.000039633635724385384","0.058997017739340664","0.01400525773699701","0.00020098687698919093","0.05200176261644811","0.030900024722039232","0.004460552797769197","0.17473365379869937"
"125000","0.03208257147805461","0.0018389810984954238","0.1445524896606803","0.008686463049852346","0.00004014685016409203","0.03897262175753713","0.01399565005443331","0.00019649663154268636","0.04813014267385006","0.03096101151323951","0.005433217803656589","0.1742970984876156"
"126000","0.032211267869338575","0.001959428878268227","0.14450339455902578","0.008203639479898392","0.000041319902242321404","0.04096351545862854","0.014975146518488212","0.00020948357125598704","0.05411362063512206","0.030326559381781738","0.004596283385297283","0.17421843501925469"
"127000","0.03208518224002238","0.001946093336737249","0.14431304836273193","0.007556139568711211","0.0000404384237335762","0.03901424966752529","0.014686638640763425","0.0002044267107048654","0.05014169757068157","0.0299554230623815","0.00372198899439536","0.1740289324373007"
"128000","0.03184114689609179","0.0019372035147971474","0.1444854387566447","0.010528654642186384","0.00004155405691199121","0.06096321994811296","0.014387052564269724","0.0002106080619923887","0.046818077977746723","0.03004110131358506","0.004095410834008362","0.17450398242473603"
"129000","0.03172258779087413","0.0018935160616238135","0.1437660009562969","0.013433905095755249","0.00004077545135805849","0.1052422495689243","0.014655007595857358","0.00021569876564171863","0.0427810022290796","0.03013792905823687","0.005064197278697975","0.1742832460552454"
"130000","0.03200242537436469","0.0019661780951719266","0.14431606823205947","0.010874978763967192","0.00004066696066183795","0.06396040807850659","0.013921798445554414","0.00024395408966665854","0.04091897536395118","0.030698724763187458","0.004313823497039266","0.17313357381522657"
"131000","0.03176229005370652","0.0018546197179530283","0.1439434455037117","0.011997718611848403","0.00004158492225542432","0.06444432048872113","0.013564533911463793","0.0002462835707992781","0.04211791718099266","0.030848204035042067","0.003983738554292358","0.17314059707522392"
"132000","0.03168229992922548","0.0018703804720717017","0.14363783770054578","0.009688464844157633","0.00004029573203297332","0.042518536239862445","0.014007350428578666","0.00025780593472882174","0.04775974661204964","0.030488248737301382","0.005936882444191724","0.17238220469653606"
"133000","0.03156817041931544","0.0019630319756106475","0.14340209536254406","0.010406758358065208","0.00004136260265840974","0.04382309449464083","0.01458294476890954","0.000283882439674926","0.06611689975531772","0.030725720823954115","0.006086416673380881","0.17226764406263828"
"134000","0.031449208102872946","0.0019532360767479987","0.1433211060911417","0.013982470534465108","0.000041452882516750835","0.09368097281455993","0.015023597086170693","0.0002974121983133955","0.06529263694677502","0.030305457999850408","0.005379979572142474","0.17251666992902756"
"135000","0.031217663690641457","0.0017810170570155606","0.14312040077894925","0.010267044539242796","0.00004059301992674591","0.05234442972613033","0.013631071136899594","0.00030429255616036245","0.048398038775660096","0.03063292205324714","0.005293256166391075","0.171793463408947"
"136000","0.03134242949595388","0.0018699146188155282","0.14231980688869952","0.008524786613697799","0.00004166271869507909","0.04058941104076803","0.01267682444969852","0.00032851510938780847","0.047925125590525565","0.030329003084853125","0.005646690363064409","0.17187769515812398"
"137000","0.03141185889867932","0.0018951075223158113","0.1433154349029064","0.008682125491273698","0.00004058662238821853","0.042210385226644574","0.012819180743768251","0.00036035570126841777","0.0550791245275177","0.030124720165267883","0.005751292172819376","0.1710255662202835"
"138000","0.031149827755521983","0.0018211825347971171","0.14329513528198004","0.009828637568609966","0.00004413212658801058","0.041406899005174636","0.012903860473569624","0.00037836435329518283","0.04626044096937403","0.03061444806415503","0.005725825892062858","0.17141058254241942"
"139000","0.03134345838923204","0.0017685957109497394","0.1430280177667737","0.008793396345051895","0.000044371780657456836","0.04236684195511043","0.013034830967358944","0.000401111989558558","0.0466850766944699","0.030820062271319334","0.005451125785009936","0.1709964630305767"
"140000","0.031273864416226455","0.0018290327673603315","0.14275936214625837","0.009419501112582043","0.00004202042628639902","0.04496813754178584","0.013124727694778602","0.00043179823184618727","0.05596114201145247","0.030247393015962597","0.005592184331966564","0.1708376630693674"
"140622","0.03122839932935354","0.0019078981940692287","0.14188215923578074","0.011832772352066015","0.00004428051356838745","0.08094232533600978","0.013499008268950731","0.000458890518669231","0.05034414396415826","0.03138926403396309","0.005372980852864815","0.17069496711095175"
"141000","0.03118062950108668","0.001738221492092457","0.1420475071133913","0.009151116362342225","0.00004267149822195005","0.040329404219513205","0.011794239939896365","0.00047870699030907435","0.03678731327645461","0.0311056984950176","0.0057426892948339355","0.1685953398178624"
"142000","0.03109603257271318","0.0017551836038765033","0.1411280607059598","0.008604680905007557","0.00004396949970396236","0.0374792377576232","0.013298137676485704","0.0005080022622132674","0.04327364554814994","0.030788265685561457","0.005614796441281215","0.16941426527500153"
"143000","0.03104662643413086","0.0018483938516874333","0.14148810049146412","0.008406985745476051","0.00004596129813398875","0.036689874835312365","0.013538452372587505","0.0005710889826586935","0.0484753577997908","0.031028710271644576","0.0055798945492133495","0.16881761859357358"
"144000","0.031012350794765203","0.0017088300214381888","0.14138421574234963","0.007956220412581387","0.000044613612084503987","0.03592315924167633","0.01265860601805924","0.0006483700936078094","0.04556948967743665","0.02985065435038202","0.005275809824001044","0.16882849538326264"
"145000","0.0308797537326609","0.0017789236572571098","0.14067029924690724","0.007868491695229468","0.000045347209063038465","0.03481393091008067","0.013950475231113584","0.0007655046875297558","0.052487828272394836","0.029810337532735008","0.005342446185881272","0.1684798614680767"
"146000","0.030866486383612106","0.0018004688181972597","0.14108764293044807","0.008590598477101313","0.000051366625813898284","0.036065061064437035","0.012682777443445573","0.0005756392539406079","0.049108724012039605","0.03000975514543031","0.005179919103393331","0.16869519221782683"
"147000","0.03079049428535654","0.0016794333077414195","0.14128499364852906","0.010374792861084085","0.00005425830303101975","0.07941417911741883","0.012821632951797324","0.0004819653110898798","0.05486224500089884","0.029523879041366108","0.005565786834806204","0.16782677118480205"
"148000","0.030635687002168902","0.001777441214711871","0.14166802529990674","0.011816164493521615","0.00006168107341363793","0.06188245006650686","0.012668068367320371","0.0004576619756553555","0.06467815562710166","0.031342441934044465","0.005314926428720355","0.16767135448753834"
"149000","0.030700159381449897","0.0017568763402668992","0.1411275880485773","0.00941801515800958","0.00006111858493750333","0.03675662681087852","0.013225521663042642","0.00045856395606824665","0.07279699958115816","0.031301725435472855","0.005320311452494934","0.16837080352008343"
"150000","0.030528837174012627","0.0016991843773575966","0.1406975987330079","0.008753093778202967","0.00006134810542971536","0.039220154151320456","0.013287341370637553","0.00047458149850717745","0.07569264199957251","0.03151050049478231","0.005119172373088077","0.1677102967351675"
"151000","0.030682982504998034","0.0018393181798164733","0.14042301793396472","0.007831542130821408","0.00006197498057190387","0.03711583084985614","0.014100297370124732","0.0004697737554088235","0.07536986424401403","0.030882949755495326","0.005438109354116023","0.16736634424328803"
"152000","0.03064749513331872","0.0016910401899076532","0.14039399882405995","0.00851416122962907","0.00006410004212011699","0.037334049992263314","0.013790527172885854","0.0004623864696259261","0.07414336485043169","0.032187222588701506","0.005187454977538437","0.16705083249509334"
"153000","0.03024307849354339","0.0017001099249755497","0.14002629458159208","0.00914222124355246","0.0000608200267652137","0.03873759124102071","0.016578611560155422","0.0004603844613011461","0.0729410541174002","0.0318694363897243","0.005113374416716397","0.16686135290563106"
"154000","0.03063620313519585","0.0017596685578755568","0.14037388268858195","0.007993156056449223","0.0000621350176861597","0.03660903256572783","0.016190809030569166","0.00044435411958693296","0.08632886387780309","0.031122729792354885","0.005105180565267801","0.16650379265844822"
"155000","0.030613028028039627","0.0017554178205318749","0.1405508082807064","0.008546267585282085","0.00006016098575128126","0.047515315517783166","0.015533756514713719","0.00041346605527905925","0.07254501331597567","0.03306520149852044","0.005156226858031005","0.16655001226067542"
"156000","0.030476860718728856","0.0016721831135218964","0.1406557608321309","0.009116305152415545","0.00006292052718526975","0.03677713544666767","0.013300616363247454","0.0004416699798675836","0.056213290352374316","0.02979463667874436","0.005093716204399243","0.1661951323747635"
"157000","0.030276503476206786","0.0018332645824702923","0.13967199167609215","0.008601867235751832","0.00006234794126248745","0.039967779619619254","0.013695335899228734","0.0004071136761431262","0.05435555620491505","0.029059276790220544","0.005073035136330873","0.16646358241140843"
"158000","0.03034489724433437","0.001804326526922523","0.1401815146803856","0.009063871988970417","0.00006636052641624701","0.04453360349498689","0.014320843365495353","0.00044281719763966974","0.05613179408432916","0.02968611267833462","0.005150691190967336","0.16613460670411587"
"159000","0.030396602832564477","0.0018277565539465287","0.1395575471892953","0.008373377459786403","0.00006425173995376099","0.038037682930007574","0.014471037391016791","0.00043663544076116525","0.05321178621053696","0.031125221316998995","0.005008131512673572","0.16587174910306932"
"160000","0.0305073491427415","0.0017741772861772915","0.14024869382381439","0.008317344021658122","0.00006486006962222746","0.041608794985339044","0.013235534611148143","0.00043637015225249343","0.05208479068940505","0.031405998064977625","0.005144331943709403","0.1655934605896473"
"161000","0.030215760787388714","0.0017145834291150096","0.1402948873192072","0.00857475462929086","0.00006475470190707711","0.03878166907094419","0.014292647323535745","0.00045944212295580657","0.06634779207967222","0.031725576922710226","0.005119083107914776","0.16553434543311596"
"162000","0.030224455110014578","0.001728447844972834","0.14043626111000776","0.009067465516660237","0.00006591744734760141","0.05062968214042485","0.014593587582442804","0.00046017255643528187","0.06646843602880835","0.031482708383060526","0.0048349125136155635","0.16501873363554478"
"163000","0.03011254162881512","0.0016601362324290675","0.13934976413846015","0.009331000785696653","0.00006610146248931415","0.050567083694040775","0.013884820926459025","0.0004483008879469708","0.05122036021202803","0.03122088444199074","0.005072786723030731","0.1647249275892973"
"164000","0.030348577715514132","0.0017774599574477178","0.1390974852591753","0.010126510670176477","0.00006371437732013874","0.04941630684025586","0.015626839391725995","0.00046068508816097164","0.0805251799914986","0.03035602393305055","0.004826199438655749","0.16414441652595996"
"164059","0.030569443416890798","0.001608716940922775","0.1416619480426969","0.009269991581892458","0.00006353164751309468","0.039042979960554634","0.017287182390477322","0.0004602760561503036","0.10417623400431254","0.030178224050978544","0.00513739698036606","0.16368481003004928"
"165000","0.030366769611487966","0.0016769964182504697","0.13788546985628244","0.00880322259504885","0.00006734434110549355","0.03969035945801092","0.015432321605194928","0.00045602551737960654","0.07810839107003055","0.030899960404166274","0.004809974043950391","0.16258754861202968"
"166000","0.030212061621638267","0.0016944295916764532","0.13779847244173288","0.008834004078723342","0.0000667348532260803","0.0543856452293694","0.015521082899282054","0.00046385578459012323","0.0828611616268754","0.03005742834331151","0.004993838072754443","0.1630651371181011"
"167000","0.030391942946608578","0.00159003247495275","0.13759328091144563","0.009071999471747683","0.0000659033275769616","0.035945003321394324","0.014632910342794906","0.0004684669375856174","0.05805813324544579","0.030724526713946196","0.004590450112242251","0.1632223332375288"
"168000","0.02997745127170157","0.0016330532850843155","0.1384987306445837","0.008939818720289832","0.00006664486275803938","0.047889969423413274","0.014649010795059371","0.00046787886188394623","0.06177164682559669","0.030069006984608935","0.004868718593381345","0.1631203543394804"
"169000","0.030556097222532393","0.0016095526354038157","0.13782173482328652","0.008521648108934151","0.00006839655286603374","0.03879167838022113","0.014781727432798318","0.0004766983956433251","0.057755585792474445","0.030262542706305715","0.004751829870743677","0.16298557752370835"
"170000","0.02991144295990223","0.0017654964497342007","0.1378179432526231","0.00904607788849199","0.0000677260302909417","0.04062246798351407","0.015239579355305974","0.00046964329878392165","0.06448509371373802","0.03050011709839402","0.004585113399662078","0.16220468950271608"
"171000","0.030002745010173672","0.0016122104981041048","0.13812781628221274","0.00936897138754305","0.0000683032594370161","0.04853833179920912","0.014050858858071133","0.0004717617493297439","0.05129667820874602","0.031122596320738508","0.004654423715081066","0.16224190218746662"
"172000","0.02994535649013974","0.001751890683750389","0.13759027864784001","0.008452201109558629","0.00006437436833948595","0.041706617761403324","0.014039587875195696","0.0004761527641894645","0.05989486989378929","0.030763420405988163","0.004532797849038616","0.1623234090358019"
"173000","0.030048513495213855","0.0017535804465733235","0.13718909747898578","0.00871465212018022","0.0000674299055172014","0.04342188275046647","0.014118390011242949","0.00047474239808798304","0.048757966224104166","0.030294835190759685","0.00465447236970067","0.16229744201898574"
"174000","0.029610387287807287","0.0016557024970679777","0.13652036579698323","0.009187889562738399","0.00006624678293519537","0.04592765803821385","0.014915609635568986","0.00046889362778892974","0.05997719193808734","0.0300108041551324","0.0047663696159143","0.16165473568439484"
"175000","0.029878331452884585","0.0017241291850223206","0.13719355922937393","0.009620621504507652","0.00006709014591615414","0.04858836176618934","0.014283841507331299","0.00048376325862045633","0.06207026405259967","0.030578567063716366","0.004641187359811738","0.1615576688796282"
"176000","0.029848475358920733","0.0017487865174916806","0.13657324597984552","0.00993792700567407","0.00006585921337136824","0.04875909103453159","0.0139824424807711","0.0004830203823876218","0.057974135413765907","0.030694786691106854","0.004625781119335442","0.16142422251403332"
"177000","0.02959668269570382","0.001550262538032257","0.13677084413170815","0.009899331700436192","0.0000657337060856662","0.04981295170262456","0.014176097299337154","0.0005240139363741036","0.05694953761529178","0.030271648935169326","0.004679347705794499","0.16119072695076467"
"178000","0.02990295200198587","0.001655957165363361","0.13675528163462877","0.008994165726754684","0.00006507962939031132","0.04868412878364325","0.013642403018049521","0.0005038578186067753","0.054957486836239695","0.02989480022318788","0.004470231237821281","0.16115458317101003"
"179000","0.029859113048388206","0.0016164103228366003","0.1368001516237855","0.008490324063405191","0.00006568196782791347","0.04145308096520603","0.01425969726668238","0.0005157581808962277","0.061390853891149164","0.029616838117765096","0.004419613571139053","0.16086122746765613"
"180000","0.029551436468644873","0.001655217978361179","0.13610830177366734","0.008869293030094294","0.00006463339637957688","0.04426097073592246","0.013927515822432937","0.0005390664210208342","0.0537057136092335","0.030478072986869272","0.0043576500560157","0.16081053340435028"
"181000","0.029711012643503357","0.0017213476366887334","0.13676354528218507","0.008697841214456624","0.00006433231160372089","0.04592502896115184","0.013189765206844783","0.0005632214996730909","0.04607188434153795","0.032247511834467085","0.004327977253124118","0.16034922380745412"
"182000","0.029586405066979817","0.001684430953944684","0.13576693192124367","0.008718773127118065","0.0000647268299399002","0.04954481624439359","0.014085120570451673","0.0005946271289139986","0.053031185914762316","0.030845888124127998","0.004372484467690811","0.1608779846280813"
"183000","0.02956029121371215","0.0017003752009768505","0.13608653762191533","0.008605364702806232","0.00006456275899836327","0.0446826710421592","0.013654958269432919","0.0006463558403847856","0.04584522959403694","0.030577765504707876","0.004490570325171575","0.1600802956521511"
"184000","0.029579593259669378","0.0016449942154140443","0.1363596918284893","0.008907126882295347","0.00006450556094387138","0.0459558140784502","0.014373588634158014","0.0007290699073928408","0.06269570098631085","0.03069999174480538","0.004499314725631848","0.159863330706954"
"185000","0.02953553468007214","0.0016756067944224925","0.135877685546875","0.00967351704318578","0.00006527264776559605","0.057454850625246766","0.013336530353847697","0.0005849944655783475","0.04632700084522366","0.03026039467315952","0.004299150389386341","0.15944296878576278"
"186000","0.0296610054320817","0.0015612425985746085","0.13604282449930907","0.010155596689932211","0.00006311588678909175","0.06924830277636647","0.01366032770001336","0.00024543078157876155","0.04737688388116658","0.03238629693205109","0.0040946876551024615","0.15982995095849037"
"187000","0.029455140701898648","0.0016255683714844053","0.1357057588621974","0.00906547624930961","0.0000656660312342865","0.06373507956974209","0.013128156663052533","0.00022241935592319352","0.04638715242594481","0.0330233662420651","0.0043972111560869965","0.1593310611397028"
"187496","0.02930586467461638","0.0016547031504233754","0.13623281735362427","0.007875313221584737","0.00006468775347751245","0.04181430342447276","0.013467360797132448","0.0002552812864340729","0.045904138563859345","0.031056541761834963","0.004297969515689394","0.15973563365864032"
"188000","0.029487076725087755","0.0015560033485941165","0.13359637689767498","0.007894190622278436","0.00006322354183614134","0.04087143969712871","0.013977553048727286","0.000239606877894943","0.05336605474574141","0.03192407155513611","0.004701522800444376","0.15731544037266532"
"189000","0.02937501533530135","0.001549529303840245","0.13367468935996293","0.007772904542295062","0.00006415129992092261","0.041412774281576276","0.01391115263907481","0.00023308812481991482","0.05567447171825916","0.031034455844090026","0.004236618514871225","0.1578795945942402"
"190000","0.029554888163231506","0.0016034716666472378","0.13428306347876787","0.007933071057856138","0.00006427903449548466","0.0393884761556983","0.013897627989213594","0.000247249934123829","0.05283740829955787","0.02896075764085717","0.004191086884122342","0.15764771185815335"
"191000","0.02950996470787448","0.0015438270671438658","0.13360397088527678","0.009287682268511795","0.0000654770231085422","0.053152759317308666","0.013127692276475148","0.00024457307362172286","0.046628853891044854","0.03151670057617593","0.004387333235004917","0.1576067765057087"
"192000","0.029532622068957536","0.00160714379682031","0.13334161572903394","0.00788422970751113","0.00006218193712447828","0.04088927743583918","0.014032204217290232","0.0002503263417020207","0.04971501413639635","0.03200791032275248","0.004371983185876161","0.15744419975578786"
"193000","0.029577715122281984","0.0015069629561912734","0.13338987870514393","0.008389995065167709","0.00006492357473507582","0.04690225289948285","0.013587238444268533","0.00026580902011482977","0.04680756545998156","0.03157797924757258","0.004407930580200627","0.1575603664815426"
"194000","0.029587056854864603","0.0015264941750647268","0.13349699045717717","0.009215422121864183","0.00006478526256250917","0.07176535336859524","0.014172502384710729","0.0002658193900206243","0.050526009078137576","0.029754810837769506","0.004398025760194287","0.15696893016993999"
"195000","0.028944129683697476","0.0014933754578814842","0.13351944613456726","0.009126853627109854","0.00006464957259413495","0.03893624717928469","0.012039757510761988","0.00018744869556758205","0.0464619023501873","0.03186254238157364","0.004443702705902979","0.15653172558546066"
"196000","0.029569891990424917","0.0015182304863556055","0.134191518753767","0.008791760046611322","0.00006395603686360118","0.041559232769533994","0.011685193051601416","0.0002913597118458711","0.046365453671663996","0.031135103659312748","0.004376269764499739","0.15713427855074405"
"197000","0.029547377452018665","0.001507118746798369","0.1337344277203083","0.008730561451354821","0.00006357854210727965","0.04566430067457259","0.011390307029262033","0.00028450200248335023","0.04604966138117016","0.03157707302875563","0.00436649514362216","0.15664882031083108"
"198000","0.02941811892396631","0.0013501847096194979","0.1329166678339243","0.009664266147460205","0.00006445574972894975","0.07257157876901328","0.01204198014477358","0.000284016863683064","0.0491470838887617","0.030508834945355456","0.004309423905797302","0.1563135909885168"
"199000","0.029726461256666184","0.0016960394385678228","0.13340492372959853","0.008646188419112568","0.00006494845791530679","0.04376749793998897","0.01180677556394277","0.0002800637508771615","0.045256154969334605","0.02966397336006842","0.004275827193399891","0.1567679692953825"
"200000","0.029160742912100083","0.0015541308797255625","0.13322750436514616","0.009162332806237895","0.000064151013697483","0.04746343640424311","0.012003191791934499","0.00026579298480282885","0.04583693145960569","0.029490103151151827","0.004318402883829549","0.156504089564085"
"201000","0.02984924183185761","0.0016081548823713091","0.13320368202775718","0.009570354397232573","0.00006338973415586224","0.049322232781909406","0.011690708046877368","0.00028058927709571435","0.044937300967052576","0.02889918375340693","0.004292174694128335","0.156007291123271"
"202000","0.029439671893103182","0.0015720865142211551","0.1326561800017953","0.00877392429608482","0.00006243126119261433","0.04896497206762433","0.011725490108865486","0.000259148722710961","0.045061885027214886","0.029893793853296137","0.004220984258223325","0.15597956681251526"
"203000","0.029620531097707646","0.001436851033984567","0.1328773453757167","0.00891148435955354","0.00006275102829749813","0.04811531129293144","0.011895934441359992","0.000258468404510495","0.04606363635975867","0.02978246449693953","0.0037973245300818234","0.15607439269125462"
"204000","0.029234424186892847","0.0016298126968322321","0.13271998796612025","0.010185685844213506","0.00006484955972337048","0.0472738394420594","0.011886811181515617","0.0002248926899737853","0.045011066559702155","0.02941684628741562","0.004183961373288184","0.15545520734786988"
"205000","0.029423398573798918","0.001624487209279323","0.13274297258257867","0.012174567533591472","0.0000627635041855683","0.07466661412082612","0.011816470708402065","0.0002262662043067394","0.04650148937478662","0.02996423130482965","0.004259069099090993","0.15582049983739854"
"206000","0.029230872601880176","0.0013682335873745615","0.13316717741638423","0.009787432067722594","0.00006388047896871285","0.039066299626603726","0.012019171964887916","0.00023001427817507646","0.04703929632343352","0.030378001293934757","0.004082183981314301","0.15535366994142533"
"207000","0.029243591514661736","0.0014632427406177158","0.1327043061479926","0.00998191770746815","0.0000624696540999139","0.05612904512695968","0.01200930040285058","0.0002289514543444966","0.046015685183927416","0.029128126294346822","0.003944159242557361","0.1554604865014553"
"208000","0.02930893112179071","0.0016010546624602284","0.13237448570877314","0.009469853405006761","0.00006191501495777629","0.04202783780544996","0.012648157411733457","0.0002390542949724477","0.0492066490938887","0.029662489891083995","0.00421021754690446","0.1552064148336649"
"209000","0.029225812080355427","0.0014690518168499693","0.13177115987986326","0.009535775663612956","0.00006225385806828853","0.03897767274826765","0.01221492472510863","0.00022427313952357508","0.046231925938278434","0.028499584636402276","0.004239148829132318","0.15543403106927872"
"210000","0.029078854057812485","0.0015674494918785059","0.13191355450451375","0.010224698264091015","0.00006470587542753492","0.043623322376981376","0.012155255618936787","0.00021471233227202902","0.045884978208690884","0.0283836305195635","0.0038821696424856784","0.15474333448708058"
"210933","0.029187763461695684","0.0015759229401753297","0.13190551310809642","0.010904869940852237","0.00006350558648236476","0.055095843361218984","0.013233317392599139","0.00020187256564278768","0.055096178017796496","0.029255807653139308","0.004220317419900164","0.15479560074888074"
"211000","0.028396834441888927","0.0011254476848989725","0.1296486283707268","0.01037373053315391","0.00006113317896747235","0.04756329822189668","0.01193028739407244","0.0002077113366634448","0.04810230170979219","0.028139507616754936","0.004619473067577928","0.15386785829768462"
"212000","0.028576114753228188","0.0014192234476358863","0.13006568956375122","0.010423996994808265","0.00006340317660033179","0.03916030072234571","0.012681515567435606","0.00019411545000912157","0.0460675609074533","0.027862314016164014","0.004128623412689194","0.1528412678837776"
"213000","0.02897002217672427","0.0015953832195082214","0.13003446181863546","0.009908503388404682","0.00006338797301032174","0.05245773791149259","0.014100346591128353","0.00018291850131208775","0.04988646141719073","0.02819848849959354","0.003964063526364043","0.1528914979696274"
"214000","0.028983177174852666","0.001574196105430019","0.13021406971663235","0.01094780190540279","0.00006316182134469273","0.05211576444655657","0.0155348464993266","0.0001743649147974793","0.07532611154392362","0.028370986588606185","0.003972924867412075","0.15331109690666198"
"215000","0.028985736830920643","0.001505496506972122","0.12980014385282992","0.010147727693166485","0.00006240714399609715","0.04157394810579717","0.01520532436466405","0.0001702668375437497","0.07091094019636512","0.028409820789804644","0.0040561369699425994","0.15304872266948222"
"216000","0.028890555523473617","0.0013782907334098126","0.1303849089369178","0.010436495246884428","0.00006187216510625149","0.06391321238316595","NaN","NaN","NaN","0.028361207541993772","0.004151434286730364","0.1533587416112423"
"217000","0.029218936777835415","0.0015852498251042561","0.1307443907484412","0.0102418734029494","0.00006356393564783502","0.05591590007208288","NaN","NaN","NaN","0.028276137990728867","0.004180323138833046","0.15306215296685696"
"218000","0.029153485816875987","0.0013909201648639282","0.1299596967473626","0.010399590503694038","0.00006134425511481823","0.05630868568271399","NaN","NaN","NaN","0.028205228418386966","0.004203785775694996","0.15241566325724126"
"219000","0.028663136830570764","0.001348753633137676","0.13019246069341897","0.010916749099857952","0.00006118332933510828","0.04732320231013","NaN","NaN","NaN","0.027842419767561796","0.004072455044835806","0.15250743751227855"
"220000","0.02893847005464956","0.001408177391276695","0.12980307859927415","0.010051658570198994","0.00006146041806459835","0.03535207899659872","NaN","NaN","NaN","0.02863844921163665","0.004019544831477106","0.1520859764069319"
"221000","0.028789565150084226","0.0014625470195896923","0.12984423144161703","0.012394832707563742","0.00006150839692782029","0.054912191370502114","NaN","NaN","NaN","0.028373061192438896","0.0038449315063189713","0.1519347902983427"
"222000","0.028447256531401826","0.0014267639310855883","0.13060348722338677","0.012813688891118965","0.00006277312717975293","0.05482893013395369","NaN","NaN","NaN","0.02789248371907954","0.003909693639725447","0.15185275548696517"
"223000","0.029290495195680145","0.001404786879575113","0.13067642569541932","0.01059246349210417","0.00006384170994169835","0.041821185640990736","NaN","NaN","NaN","0.02798475214798766","0.003917218982242048","0.15199253319203854"
"224000","0.028688747785211986","0.0014618110477167647","0.13027931217849253","0.011987597843660436","0.00006199773099615413","0.05678347030468285","NaN","NaN","NaN","0.027923845322855575","0.0039027173588983715","0.15211757233738898"
"225000","0.02865844528072026","0.0016242169259639923","0.13040404812991618","0.011238072784023433","0.00006309839503592229","0.0501954732555896","NaN","NaN","NaN","0.02780311982650628","0.003954629351152107","0.15177578788995744"
"226000","0.02870186823958256","0.0014825860821438255","0.13000147177278995","0.01079503694257234","0.00006290960489604913","0.04795104727335274","NaN","NaN","NaN","0.028179898799645754","0.0038865939432289453","0.15143913547694682"
"227000","0.02891403605262447","0.0013330283879913623","0.1299279851168394","0.009364608350901459","0.00006309731124383688","0.040663125704973935","NaN","NaN","NaN","0.030008411436132695","0.003866664923261851","0.1511283752769232"
"228000","0.028722092901404088","0.0016084188138629544","0.1299458236992359","0.009664772776732484","0.00006085222320325556","0.051445129010826346","NaN","NaN","NaN","0.027894012403563304","0.0037973292996175585","0.15083190435171126"
"229000","0.028512259140184213","0.0014601933611556887","0.13064903860539198","0.00964837526307376","0.00006131175684822665","0.05203965624049306","NaN","NaN","NaN","0.027656444761923252","0.0038501940993592144","0.15073752634227275"
"230000","0.02843380164813817","0.0015020415484468686","0.13099020237475634","0.010142581092168746","0.00006187396532732237","0.045702349005267026","NaN","NaN","NaN","0.028038664752294686","0.003955139575293288","0.15088563610613345"
"231000","0.028346852405175853","0.001406980830593966","0.13031915500760077","0.010206461377385843","0.00006238426451272972","0.048350801561027765","NaN","NaN","NaN","0.027360624682803803","0.0038510249434038995","0.15026866847276688"
"232000","0.028506002696398355","0.0014112734096852365","0.13077360360324383","0.010394367218470505","0.00006258985649401439","0.06296429940126837","NaN","NaN","NaN","0.027548696692096364","0.003857254770817235","0.15049588243663312"
"233000","0.028205907750001084","0.0013927005526056745","0.12974036595970392","0.009962571708499339","0.00006110770574377966","0.05292609505541623","NaN","NaN","NaN","0.027398956530028953","0.0039157137637957935","0.15017737837135792"
"234000","0.028629793751393802","0.0012854386108811014","0.1304244109839201","0.009804436747333127","0.00006174366376217221","0.04758502076379955","NaN","NaN","NaN","0.027745386189897546","0.003954703487223014","0.14992266096174717"
"234370","0.02823413641318809","0.001542712490091373","0.1306052726256815","0.0113734066332713","0.000060232232484613485","0.060913618977073085","NaN","NaN","NaN","0.02747463377233171","0.00392091168762061","0.14964533126774196"